"Rank","Player","Team","Bye","POS","Yahoo","Sleeper","RTSports","AVG","Real-Time"
"1","Jahmyr Gibbs","DET ","6","RB1","1","1","1","1.0","1"
"2","Bijan Robinson","ATL ","11","RB2","2","2","2","2.0","2"
"3","Ja'Marr Chase","CIN ","6","WR1","3","3","3","3.0","3"
"4","Puka Nacua","LAR ","11","WR2","4","4","4","4.0","4"
"5","Christian McCaffrey","SF ","8","RB3","5","5","5","5.0","5"
"6","Jaxon Smith-Njigba","SEA ","11","WR3","6","7","6","6.3","6"
"7","Jonathan Taylor","IND ","13","RB4","7","6","7","6.7","7"
"8","Amon-Ra St. Brown","DET ","6","WR4","8","8","8","8.0","8"
"9","James Cook III","BUF ","7","RB5","9","9","10","9.3","9"
"10","Ashton Jeanty","LV ","13","RB6","13","12","9","11.3","12  -2"
"11","CeeDee Lamb","DAL ","14","WR5","10","10","14","11.3","11"
"12","Saquon Barkley","PHI ","10","RB7","11","11","16","12.7","10  +2"
"13","De'Von Achane","MIA ","6","RB8","14","13","11","12.7","15  -2"
"14","Justin Jefferson","MIN ","6","WR6","12","14","12","12.7","13  +1"
"15","Chase Brown","CIN ","6","RB9","15","16","13","14.7","14  +1"
"16","Omarion Hampton","LAC ","7","RB10","18","15","15","16.0","18  -2"
"17","Kenneth Walker III","KC ","5","RB11","16","18","17","17.0","16  +1"
"18","Derrick Henry","BAL ","13","RB12","17","17","22","18.7","17  +1"
"19","Josh Allen","BUF ","7","QB1","20","21","18","19.7","24  -5"
"20","Drake London","ATL ","11","WR7","19","20","20","19.7","19  +1"
"21","A.J. Brown","NE ","11","WR8","24","19","21","21.3","21"
"22","Brock Bowers","LV ","13","TE1","21","22","23","22.0","20  +2"
"23","Trey McBride","ARI ","14","TE2","25","24","19","22.7","27  -4"
"24","Nico Collins","HOU ","8","WR9","22","23","26","23.7","22  +2"
"25","George Pickens","DAL ","14","WR10","23","26","24","24.3","23  +2"
"26","Jeremiyah Love","ARI ","14","RB13","26","25","29","26.7","28  -2"
"27","Kyren Williams","LAR ","11","RB14","28","27","31","28.7","25  +2"
"28","Chris Olave","NO ","8","WR11","31","32","25","29.3","30  -2"
"29","Malik Nabers","NYG ","8","WR12","30","30","28","29.3","26  +3"
"30","Josh Jacobs","GB ","11","RB15","29","29","30","29.3","32  -2"
"31","Javonte Williams","DAL ","14","RB16","34","33","27","31.3","31"
"32","Rashee Rice","KC ","5","WR13","33","28","33","31.3","35  -3"
"33","Breece Hall","NYJ ","13","RB17","35","31","32","32.7","33"
"34","DeVonta Smith","PHI ","10","WR14","27","35","38","33.3","29  +5"
"35","Zay Flowers","BAL ","13","WR15","36","41","34","37.0","34  +1"
"36","Cam Skattebo","NYG ","8","RB18","39","37","37","37.7","40  -4"
"37","Lamar Jackson","BAL ","13","QB2","37","34","43","38.0","42  -5"
"38","Tee Higgins","CIN ","6","WR16","32","38","48","39.3","36  +2"
"39","Tetairoa McMillan","CAR ","5","WR17","40","36","44","40.0","43  -4"
"40","Emeka Egbuka","TB ","10","WR18","42","39","39","40.0","41  -1"
"41","Travis Etienne Jr.","NO ","8","RB19","43","42","40","41.7","39  +2"
"42","Colston Loveland","CHI ","10","TE3","38","44","46","42.7","38  +4"
"43","Ladd McConkey","LAC ","7","WR19","44","40","45","43.0","44  -1"
"44","Quinshon Judkins","CLE ","11","RB20","52","46","35","44.3","49  -5"
"45","Garrett Wilson","NYJ ","13","WR20","49","43","42","44.7","47  -2"
"46","Bucky Irving","TB ","10","RB21","55","45","41","47.0","53  -7"
"47","Jaylen Waddle","DEN ","10","WR21","41","47","53","47.0","37  +10"
"48","David Montgomery","HOU ","8","RB22","51","48","49","49.3","46  +2"
"49","Tyler Warren","IND ","13","TE4","45","50","55","50.0","48  +1"
"50","D'Andre Swift","CHI ","10","RB23","47","52","52","50.3","45  +5"
"51","DJ Moore","BUF ","7","WR22","62","56","36","51.3","52  -1"
"52","Drake Maye","NE ","11","QB3","46","51","57","51.3","50  +2"
"53","Joe Burrow","CIN ","6","QB4","48","54","56","52.7","54  -1"
"54","Luther Burden III","CHI ","10","WR23","57","55","47","53.0","57  -3"
"55","TreVeyon Henderson","NE ","11","RB24","59","49","51","53.0","59  -4"
"56","Terry McLaurin","WAS ","7","WR24","54","53","58","55.0","51  +5"
"57","Bhayshul Tuten","JAC ","7","RB25","60","59","50","56.3","56  +1"
"58","Davante Adams","LAR ","11","WR25","50","58","62","56.7","55  +3"
"59","Jayden Daniels","WAS ","7","QB5","53","66","60","59.7","58  +1"
"60","Jadarian Price","SEA ","11","RB26","64","61","54","59.7","60"
"61","Jameson Williams","DET ","6","WR26","63","57","59","59.7","64  -3"
"62","Jalen Hurts","PHI ","10","QB6","56","62","65","61.0","61  +1"
"63","Mike Evans","SF ","8","WR27","65","60","63","62.7","66  -3"
"64","Rome Odunze","CHI ","10","WR28","67","63","61","63.7","62  +2"
"65","Tucker Kraft","GB ","11","TE5","58","67","72","65.7","65"
"66","Christian Watson","GB ","11","WR29","66","68","69","67.7","63  +3"
"67","Harold Fannin Jr.","CLE ","11","TE6","70","72","64","68.7","74  -7"
"68","Jaylen Warren","PIT ","9","RB27","73","69","66","69.3","70  -2"
"69","Sam LaPorta","DET ","6","TE7","61","64","90","71.7","67  +2"
"70","Parker Washington","JAC ","7","WR30","78","74","67","73.0","68  +2"
"71","Caleb Williams","CHI ","10","QB7","68","76","75","73.0","69  +2"
"72","Carnell Tate","TEN ","9","WR31","75","65","81","73.7","76  -4"
"73","Brian Thomas Jr.","JAC ","7","WR32","79","70","76","75.0","75  -2"
"74","Rhamondre Stevenson","NE ","11","RB28","76","78","71","75.0","72  +2"
"75","Kyle Pitts Sr.","ATL ","11","TE8","71","71","85","75.7","73  +2"
"76","Marvin Harrison Jr.","ARI ","14","WR33","74","73","82","76.3","71  +5"
"77","Justin Herbert","LAC ","7","QB8","69","79","86","78.0","79  -2"
"78","Rico Dowdle","PIT ","9","RB29","85","83","68","78.7","82  -4"
"79","Tony Pollard","TEN ","9","RB30","81","80","78","79.7","77  +2"
"80","Dak Prescott","DAL ","14","QB9","72","88","80","80.0","80"
"81","Chuba Hubbard","CAR ","5","RB31","77","75","92","81.3","87  -6"
"82","DK Metcalf","PIT ","9","WR34","84","77","91","84.0","81  +1"
"83","RJ Harvey","DEN ","10","RB32","102","81","70","84.3","97  -14"
"84","Trevor Lawrence","JAC ","7","QB10","80","97","79","85.3","86  -2"
"85","J.K. Dobbins","DEN ","10","RB33","92","86","88","88.7","83  +2"
"86","Michael Wilson","ARI ","14","WR35","105","89","73","89.0","92  -6"
"87","Jonathon Brooks","CAR ","5","RB34","100","90","77","89.0","78  +9"
"88","Courtland Sutton","DEN ","10","WR36","104","84","83","90.3","91  -3"
"89","Chris Godwin Jr.","TB ","10","WR37","93","95","84","90.7","85  +4"
"90","Jaxson Dart","NYG ","8","QB11","83","96","95","91.3","98  -8"
"91","Jordyn Tyson","NO ","8","WR38","89","82","105","92.0","99  -8"
"92","Kyle Monangai","CHI ","10","RB35","103","87","89","93.0","104  -12"
"93","Blake Corum","LAR ","11","RB36","96","93","93","94.0","89  +4"
"94","Alec Pierce","IND ","13","WR39","87","92","104","94.3","96  -2"
"95","George Kittle","SF ","8","TE9","86","91","108","95.0","84  +11"
"96","Travis Kelce","KC ","5","TE10","91","98","100","96.3","93  +3"
"97","Jacory Croskey-Merritt","WAS ","7","RB37","114","99","97","103.3","90  +7"
"98","Makai Lemon","PHI ","10","WR40","110","85","117","104.0","115  -17"
"99","Jordan Mason","MIN ","6","RB38","121","104","87","104.0","95  +4"
"100","Patrick Mahomes II","KC ","5","QB12","95","106","111","104.0","116  -16"
"101","Matthew Stafford","LAR ","11","QB13","98","109","106","104.3","118  -17"
"102","Dalton Kincaid","BUF ","7","TE11","97","94","123","104.7","101  +1"
"103","Isaiah Likely","NYG ","8","TE12","109","114","94","105.7","107  -4"
"104","Bo Nix","DEN ","10","QB14","99","119","99","105.7","111  -7"
"105","Quentin Johnston","LAC ","7","WR41","108","102","107","105.7","105"
"106","Brock Purdy","SF ","8","QB15","94","117","113","108.0","106"
"107","Kenny Gainwell","TB ","10","RB39","120","108","96","108.0","109  -2"
"108","Josh Downs","IND ","13","WR42","111","110","103","108.0","88  +20"
"109","Michael Pittman Jr.","PIT ","9","WR43","124","100","101","108.3","108  +1"
"110","Jordan Addison","MIN ","6","WR44","122","101","109","110.7","110"
"111","Stefon Diggs","WAS ","7","WR45","112","116","110","112.7","94  +17"
"112","Jake Ferguson","DAL ","14","TE13","118","105","116","113.0","124  -12"
"113","Jayden Reed","GB ","11","WR46","125","103","112","113.3","112  +1"
"114","Rachaad White","WAS ","7","RB40","128","115","98","113.7","121  -7"
"115","Jared Goff","DET ","6","QB16","116","128","102","115.3","129  -14"
"116","Mark Andrews","BAL ","13","TE14","115","118","119","117.3","119  -3"
"117","Aaron Jones Sr.","MIN ","6","RB41","129","107","118","118.0","122  -5"
"118","Brandon Aubrey","DAL ","14","K1","82","130","145","119.0","100  +18"
"119","Dallas Goedert","PHI ","10","TE15","106","120","138","121.3","113  +6"
"120","Wan'Dale Robinson","TEN ","9","WR47","185","112","74","123.7","128  -8"
"121","Houston Texans DST","","8","DST1","90","133","156","126.3","103  +18"
"122","Los Angeles Rams DST","","11","DST2","88","131","164","127.7","102  +20"
"123","Jakobi Meyers","JAC ","7","WR48","164","111","114","129.7","130  -7"
"124","Kyler Murray","MIN ","6","QB17","113","152","124","129.7","132  -8"
"125","Denver Broncos DST","","10","DST3","101","135","168","134.7","117  +8"
"126","De'Zhaun Stribling","SF ","8","WR49","140","139","126","135.0","114  +12"
"127","Seattle Seahawks DST","","11","DST4","107","132","173","137.3","120  +7"
"128","Zach Charbonnet","SEA ","11","RB42","168","124","121","137.7","135  -7"
"129","Deebo Samuel Sr.","SF ","8","WR50","154","129","132","138.3","144  -15"
"130","Xavier Worthy","KC ","5","WR51","165","121","136","140.7","143  -13"
"131","Baker Mayfield","TB ","10","QB18","151","149","122","140.7","152  -21"
"132","Alvin Kamara","NO ","8","RB43","146","150","129","141.7","157  -25"
"133","Matthew Golden","GB ","11","WR52","167","122","137","142.0","123  +10"
"134","KC Concepcion","CLE ","11","WR53","183","113","134","143.3","127  +7"
"135","Tyrone Tracy Jr.","NYG ","8","RB44","186","125","120","143.7","146  -11"
"136","Jordan Love","GB ","11","QB19","135","159","141","145.0","148  -12"
"137","Tyler Allgeier","ARI ","14","RB45","177","127","135","146.3","138  -1"
"138","Rashid Shaheed","SEA ","11","WR54","161","151","128","146.7","147  -9"
"139","Cameron Dicker","LAC ","7","K2","132","134","174","146.7","134  +5"
"140","Ka'imi Fairbairn","HOU ","8","K3","123","140","178","147.0","125  +15"
"141","Brian Robinson Jr.","ATL ","11","RB46","130","161","153","148.0","163  -22"
"142","Romeo Doubs","NE ","11","WR55","193","123","130","148.7","136  +6"
"143","Philadelphia Eagles DST","","10","DST5","134","137","181","150.7","133  +10"
"144","Sam Darnold","SEA ","11","QB20","133","170","152","151.7","176  -32"
"145","Hunter Henry","NE ","11","TE16","156","145","154","151.7","154  -9"
"146","Jason Myers","SEA ","11","K4","136","136","186","152.7","131  +15"
"147","Woody Marks","HOU ","8","RB47","198","148","115","153.7","142  +5"
"148","Isiah Pacheco","DET ","6","RB48","149","171","142","154.0","172  -24"
"149","Chris Rodriguez Jr.","JAC ","7","RB49","194","138","133","155.0","126  +23"
"150","Jonah Coleman","DEN ","10","RB50","182","143","140","155.0","149  +1"
"151","Oronde Gadsden II","LAC ","7","TE17","150","126","196","157.3","173  -22"
"152","Malik Willis","MIA ","6","QB21","139","194","144","159.0","159  -7"
"153","Khalil Shakir","BUF ","7","WR56","191","141","146","159.3","151  +2"
"154","Tyler Shough","NO ","8","QB22","178","172","131","160.3","174  -20"
"155","Brenton Strange","JAC ","7","TE18","166","155","161","160.7","169  -14"
"156","Chig Okonkwo","WAS ","7","TE19","148","187","150","161.7","161  -5"
"157","Juwan Johnson","NO ","8","TE20","169","191","127","162.3","155  +2"
"158","Jalen Nailor","LV ","13","WR57","180","164","149","164.3","170  -12"
"159","Tyjae Spears","TEN ","9","RB51","200","169","125","164.7","156  +3"
"160","Jalen Coker","CAR ","5","WR58","204","147","143","164.7","141  +19"
"161","Cam Little","JAC ","7","K5","170","142","184","165.3","145  +16"
"162","Tank Bigsby","PHI ","10","RB52","184","165","148","165.7","153  +9"
"163","Keaton Mitchell","LAC ","7","RB53","197","163","139","166.3","137  +26"
"164","C.J. Stroud","HOU ","8","QB23","142","198","159","166.3","207  -43"
"165","New England Patriots DST","","11","DST6","153","153","197","167.7","140  +25"
"166","Fernando Mendoza","LV ","13","QB24","127","188","190","168.3","237  -71"
"167","Denzel Boston","CLE ","11","WR59","190","157","158","168.3","160  +7"
"168","Mike Washington Jr.","LV ","13","RB54","163","192","163","172.7","178  -10"
"169","T.J. Hockenson","MIN ","6","TE21","175","185","160","173.3","190  -21"
"170","Cam Ward","TEN ","9","QB25","141","216","165","174.0","265  -95"
"171","Kenyon Sadiq","NYJ ","13","TE22","179","167","176","174.0","184  -13"
"172","Bryce Young","CAR ","5","QB26","131","221","172","174.7","225  -53"
"173","David Njoku","LAC ","7","TE23","138","224","166","176.0","255  -82"
"174","MarShawn Lloyd","GB ","11","RB55","199","180","151","176.7","162  +12"
"175","Jauan Jennings","MIN ","6","WR60","155","199","177","177.0","217  -42"
"176","Daniel Jones","IND ","13","QB27","157","213","162","177.3","208  -32"
"177","Minnesota Vikings DST","","6","DST7","187","158","199","181.3","139  +38"
"178","Travis Hunter","JAC ","7","WR61","152","174","220","182.0","177  +1"
"179","Aaron Rodgers","PIT ","9","QB28","119","249","179","182.3","259  -80"
"180","Omar Cooper Jr.","NYJ ","13","WR62","181","177","192","183.3","221  -41"
"181","Jalen McMillan","TB ","10","WR63","174","196","187","185.7","186  -5"
"182","AJ Barner","SEA ","11","TE24","147","175","237","186.3","220  -38"
"183","Jaydon Blue","DAL ","14","RB56","158","217","185","186.7","198  -15"
"184","Dalton Schultz","HOU ","8","TE25","171","202","194","189.0","244  -60"
"185","Harrison Mevis","LAR ","11","K6","202","156","210","189.3","150  +35"
"186","Jake Bates","DET ","6","K7","215","154","200","189.7","167  +19"
"187","Jacksonville Jaguars DST","","7","DST8","211","160","204","191.7","158  +29"
"188","Terrance Ferguson","LAR ","11","TE26","144","212","222","192.7","206  -18"
"189","Pittsburgh Steelers DST","","9","DST9","208","166","206","193.3","164  +25"
"190","James Conner","ARI ","14","RB57","145","205","233","194.3","234  -44"
"191","Baltimore Ravens DST","","13","DST10","213","146","243","200.7","166  +25"
"192","Isaac TeSlaa","DET ","6","WR64","143","214","248","201.7","203  -11"
"193","Pat Freiermuth","PIT ","9","TE27","137","245","227","203.0","264  -71"
"194","Cooper Kupp","SEA ","11","WR65","126","210","279","205.0","214  -20"
"195","Eddy Pineiro","SF ","8","K8","221","168","226","205.0","175  +20"
"196","Los Angeles Chargers DST","","7","DST11","216","183","216","205.0","165  +31"
"197","Tyler Loop","BAL ","13","K9","217","189","209","205.0","168  +29"
"198","Dylan Sampson","CLE ","11","RB58","176","157","166.5","179  +19"
"199","Ja'Kobi Lane","BAL ","13","WR66","162","171","166.5","195  +4"
"200","Andy Borregales","NE ","11","K10","222","178","236","212.0","238  -38"
"201","Dallas Cowboys DST","","14","DST12","162","238","241","213.7","187  +14"
"202","Greg Dulcich","MIA ","6","TE28","196","250","198","214.7","216  -14"
"203","Green Bay Packers DST","","11","DST13","214","208","224","215.3","200  +3"
"204","Harrison Butker","KC ","5","K11","195","200","256","217.0","231  -27"
"205","Will Reichard","MIN ","6","K12","219","182","251","217.3","185  +20"
"206","Tyreek Hill","WR67","192","223","239","218.0","254  -48"
"207","Detroit Lions DST","","6","DST14","212","173","271","218.7","181  +26"
"208","Braelon Allen","NYJ ","13","RB59","197","170","183.5","193  +15"
"209","Tank Dell","HOU ","8","WR68","186","182","184.0","180  +29"
"210","Malik Washington","MIA ","6","WR69","190","180","185.0","191  +19"
"211","Jerry Jeudy","CLE ","11","WR70","204","167","185.5","223  -12"
"212","Chase McLaughlin","TB ","10","K13","218","206","250","224.7","229  -17"
"213","Chris Boswell","PIT ","9","K14","210","184","281","225.0","194  +19"
"214","Evan McPherson","CIN ","6","K15","220","179","278","225.7","188  +26"
"215","San Francisco 49ers DST","","8","DST15","159","240","282","227.0","232  -17"
"216","Chicago Bears DST","","10","DST16","160","239","290","229.7","245  -29"
"217","Cyrus Allen","KC ","5","WR71","181","214","197.5","189  +28"
"218","Nicholas Singleton","TEN ","9","RB60","193","208","200.5","219  -1"
"219","Tre Tucker","LV ","13","WR72","195","207","201.0","212  +7"
"220","Kayshon Boutte","NE ","11","WR73","235","169","202.0","227  -7"
"221","Dontayvion Wicks","PHI ","10","WR74","209","195","202.0","201  +20"
"222","Calvin Ridley","TEN ","9","WR75","251","155","203.0","209  +13"
"223","Tre' Harris","LAC ","7","WR76","218","188","203.0","260  -37"
"224","Kaelon Black","SF ","8","RB61","207","203","205.0","204  +20"
"225","Emmett Johnson","KC ","5","RB62","201","215","208.0","230  -5"
"226","Zachariah Branch","ATL ","11","WR77","203","213","208.0","211  +15"
"227","Ray Davis","BUF ","7","RB63","215","205","210.0","183  +44"
"228","Justice Hill","BAL ","13","RB64","242","183","212.5","202  +26"
"229","Jacoby Brissett","ARI ","14","QB29","252","175","213.5","251  -22"
"230","Kansas City Chiefs DST","","5","DST17","206","222","298","242.0","228  +2"
"231","Jake Elliott","PHI ","10","K16","172","264","218.0","267  -36"
"232","Malachi Fields","NYG ","8","WR78","243","193","218.0","240  -8"
"233","New York Giants DST","","8","DST18","176","261","218.5",""
"234","Adonai Mitchell","NYJ ","13","WR79","228","212","220.0","197  +37"
"235","Buffalo Bills DST","","7","DST19","189","252","220.5","263  -28"
"236","Geno Smith","NYJ ","13","QB30","257","189","223.0",""
"237","Cade Otton","TB ","10","TE29","225","221","223.0","262  -25"
"238","Gunnar Helm","TEN ","9","TE30","219","230","224.5","242  -4"
"239","Cairo Santos","CHI ","10","K17","223","241","280","248.0","222  +17"
"240","Caleb Douglas","MIA ","6","WR80","236","219","227.5","233  +7"
"241","Demond Claiborne","MIN ","6","RB65","226","231","228.5","224  +17"
"242","Tua Tagovailoa","ATL ","11","QB31","258","201","229.5",""
"243","Kaytron Allen","WAS ","7","RB66","227","232","229.5","215  +28"
"244","Sean Tucker","TB ","10","RB67","259","202","230.5","247  -3"
"245","Kimani Vidal","LAC ","7","RB68","233","228","230.5","192  +53"
"246","Nick Folk","ATL ","11","K18","173","","173.0",""
"247","Pat Bryant","DEN ","10","WR81","211","258","234.5","210  +37"
"248","Keenan Allen","IND ","13","WR82","237","234","235.5","182  +66"
"249","Cleveland Browns DST","","11","DST20","205","267","236.0","268  -19"
"250","Jaylen Wright","MIA ","6","RB69","234","240","237.0","266  -16"
"251","Trey Smack","GB ","11","K19","188","288","238.0","196  +55"
"252","Shedeur Sanders","CLE ","11","QB32","253","225","239.0",""
"253","Tyler Bass","BUF ","7","K20","207","273","240.0","235  +18"
"254","Jordan James","SF ","8","RB70","244","238","241.0","261  -7"
"255","Trevor Etienne","CAR ","5","RB71","","191","191.0",""
"256","Wil Lutz","DEN ","10","K21","209","284","246.5","236  +20"
"257","Germie Bernard","PIT ","9","WR83","231","266","248.5","248  +9"
"258","Atlanta Falcons DST","","11","DST21","203","","203.0",""
"259","Ryan Flournoy","DAL ","14","WR84","230","269","249.5","218  +41"
"260","Kirk Cousins","LV ","13","QB33","","211","211.0",""
"261","Eli Stowers","PHI ","10","TE31","232","276","254.0","249  +12"
"262","Jake Tonges","SF ","8","TE32","254","254","254.0","256  +6"
"263","Michael Penix Jr.","ATL ","11","QB34","","217","217.0",""
"264","George Holani","SEA ","11","RB72","","218","218.0","243  +21"
"265","Ted Hurst III","TB ","10","WR85","220","307","263.5","213  +52"
"266","Deshaun Watson","CLE ","11","QB35","","223","223.0",""
"267","Antonio Williams","WAS ","7","WR86","229","289","259.0","257  +10"
"268","Ty Johnson","BUF ","7","RB73","","229","229.0",""
"269","Austin Ekeler","RB74","","235","235.0",""
"270","Brandon Aiyuk","SF ","8","WR87","267","263","265.0",""
"271","Keon Coleman","BUF ","7","WR88","246","286","266.0","239  +32"
"272","Colby Parkinson","LAR ","11","TE33","264","270","267.0","258  +14"
"273","Devin Singletary","NYG ","8","RB75","","242","242.0",""
"274","Carson Beck","ARI ","14","QB36","","244","244.0",""
"275","Tampa Bay Buccaneers DST","","10","DST22","","245","245.0",""
"276","J.J. McCarthy","MIN ","6","QB37","","246","246.0",""
"277","Evan Engram","DEN ","10","TE34","","247","247.0",""
"278","Chris Bell","MIA ","6","WR89","248","303","275.5","226  +52"
"279","Jalen Tolbert","MIA ","6","WR90","","249","249.0",""
"280","Darnell Mooney","NYG ","8","WR91","260","285","272.5","252  +28"
"281","Devaughn Vele","NO ","8","WR92","","253","253.0",""
"282","Emanuel Wilson","SEA ","11","RB76","265","283","274.0",""
"283","Samaje Perine","CIN ","6","RB77","","255","255.0","246  +37"
"284","Elijah Sarratt","BAL ","13","WR93","255","314","284.5",""
"285","Rashod Bateman","BAL ","13","WR94","256","299","277.5","250  +35"
"286","Kareem Hunt","RB78","","257","257.0",""
"287","Najee Harris","NYG ","8","RB79","","259","259.0","199  +88"
"288","Justin Fields","KC ","5","QB38","","260","260.0",""
"289","Tory Horton","SEA ","11","WR95","261","295","278.0",""
"290","Theo Johnson","NYG ","8","TE35","262","262.0",""
"291","Ty Simpson","LAR ","11","QB39","","262","262.0",""
"292","Troy Franklin","DEN ","10","WR96","263","316","289.5","241  +51"
"293","Joe Flacco","CIN ","6","QB40","","265","265.0",""
"294","Trey Benson","ARI ","14","RB80","266","323","294.5",""
"295","New Orleans Saints DST","","8","DST23","","268","268.0",""
"296","Tayon Fleet-Davis","RB81","268","268.0",""
"297","Blake Bortles","QB41","270","270.0",""
"298","Gunner Olszewski","NYG ","8","WR97","271","271.0",""
"299","Christian Kirk","SF ","8","WR98","","272","272.0",""
"300","Chris Streveler","QB42","272","272.0",""
"301","Zack Annexstad","QB43","273","273.0",""
"302","Mike Gesicki","CIN ","6","TE36","","274","274.0",""
"303","Julian Edelman","WR99","275","275.0",""
"304","Joey Slye","TEN ","9","K22","","275","275.0",""
"305","Christopher Dunn","K23","276","276.0",""
"306","Charlie Smyth","NO ","8","K24","","277","277.0",""
"307","Joshua Karty","K25","277","277.0",""
"308","Travis Koontz","TE37","278","278.0",""
"309","Josh Rosen","QB44","279","279.0",""
"310","Brayden Narveson","K26","280","280.0",""
"311","Robert Griffin III","QB45","281","281.0",""
"312","Matthew Trickett","K27","282","282.0",""
"313","Camden Lewis","K28","283","283.0",""
"314","Charlie Taumoepeau","TE38","284","284.0",""
"315","Josh McCown","QB46","286","286.0",""
"316","Tennessee Titans DST","","9","DST24","","287","287.0","270  +46"
"317","Austin Aune","QB47","287","287.0",""
"318","Simi Fehoko","ARI ","14","WR100","289","289.0",""
"319","Matt Schaub","QB48","290","290.0",""
"320","Brennan Eagles","WR101","291","291.0",""
"321","Jaylin Noel","HOU ","8","WR102","","291","291.0","269  +52"
"322","Randy Bullock","K29","292","292.0",""
"323","Kaleb Johnson","PIT ","9","RB82","","292","292.0",""
"324","Mason Taylor","NYJ ","13","TE39","","293","293.0",""
"325","Brady Cook","NYJ ","13","QB49","293","293.0",""
"326","Tutu Atwell","MIA ","6","WR103","","294","294.0",""
"327","James Turner","K30","294","294.0",""
"328","Keith Kirkwood","WR104","296","296.0",""
"329","Jerome Ford","WAS ","7","RB83","","296","296.0",""
"330","Hollywood Brown","PHI ","10","WR105","","297","297.0",""
"331","Alex McNulty","K31","297","297.0",""
"332","Vincent Blanchard","K32","299","299.0",""
"333","Cornell Powell","PIT ","9","WR106","300","300.0",""
"334","Ollie Gordon II","MIA ","6","RB84","","300","300.0","205  +129"
"335","Alexander Mattison","RB85","","301","301.0",""
"336","Darren Waller","CAR ","5","TE40","","302","302.0",""
"337","Jack Bech","LV ","13","WR107","","304","304.0",""
"338","Michael Mayer","LV ","13","TE41","","305","305.0",""
"339","Adam Randall","BAL ","13","RB86","","306","306.0",""
"340","Tyquan Thornton","KC ","5","WR108","","308","308.0",""
"341","Andrei Iosivas","CIN ","6","WR109","","309","309.0",""
"342","Xavier Legette","CAR ","5","WR110","","310","310.0",""
"343","Jahan Dotson","ATL ","11","WR111","","311","311.0",""
"344","LeQuint Allen Jr.","JAC ","7","RB87","","312","312.0",""
"345","Brashard Smith","KC ","5","RB88","","313","313.0",""
"346","DJ Giddens","IND ","13","RB89","","315","315.0",""
"347","Chris Brooks","GB ","11","RB90","","317","317.0",""
"348","Joshua Palmer","BUF ","7","WR112","","318","318.0",""
"349","Brenen Thompson","LAC ","7","WR113","","319","319.0",""
"350","Seth McGowan","IND ","13","RB91","","320","320.0",""
"351","Emari Demercado","KC ","5","RB92","","321","321.0",""
"352","Isaiah Davis","NYJ ","13","RB93","","322","322.0",""
"353","Skyler Bell","BUF ","7","WR114","","324","324.0",""
"354","Chimere Dike","TEN ","9","WR115","","325","325.0",""